year,teamId,team,link
2018,43922,Argentina,/worldcup/teams/team/43922/
2018,43976,Australia,/worldcup/teams/team/43976/
2018,43935,Belgium,/worldcup/teams/team/43935/
2018,43924,Brazil,/worldcup/teams/team/43924/
2018,43926,Colombia,/worldcup/teams/team/43926/
2018,43901,Costa Rica,/worldcup/teams/team/43901/
2018,43938,Croatia,/worldcup/teams/team/43938/
2018,43941,Denmark,/worldcup/teams/team/43941/
2018,43855,Egypt,/worldcup/teams/team/43855/
2018,43942,England,/worldcup/teams/team/43942/
2018,43946,France,/worldcup/teams/team/43946/
2018,43948,Germany,/worldcup/teams/team/43948/
2018,43951,Iceland,/worldcup/teams/team/43951/
2018,43817,IR Iran,/worldcup/teams/team/43817/
2018,43819,Japan,/worldcup/teams/team/43819/
2018,43822,Korea Republic,/worldcup/teams/team/43822/
2018,43911,Mexico,/worldcup/teams/team/43911/
2018,43872,Morocco,/worldcup/teams/team/43872/
2018,43876,Nigeria,/worldcup/teams/team/43876/
2018,43914,Panama,/worldcup/teams/team/43914/
2018,43929,Peru,/worldcup/teams/team/43929/
2018,43962,Poland,/worldcup/teams/team/43962/
2018,43963,Portugal,/worldcup/teams/team/43963/
2018,43965,Russia,/worldcup/teams/team/43965/
2018,43835,Saudi Arabia,/worldcup/teams/team/43835/
2018,43879,Senegal,/worldcup/teams/team/43879/
2018,1902465,Serbia,/worldcup/teams/team/1902465/
2018,43969,Spain,/worldcup/teams/team/43969/
2018,43970,Sweden,/worldcup/teams/team/43970/
2018,43971,Switzerland,/worldcup/teams/team/43971/
2018,43888,Tunisia,/worldcup/teams/team/43888/
2018,43930,Uruguay,/worldcup/teams/team/43930/
2014,43843,Algeria,/worldcup/archive/brazil2014/teams/team=43843/index.html
2014,43849,Cameroon,/worldcup/archive/brazil2014/teams/team=43849/index.html
2014,43854,CÃ´te d'Ivoire,/worldcup/archive/brazil2014/teams/team=43854/index.html
2014,43860,Ghana,/worldcup/archive/brazil2014/teams/team=43860/index.html
2014,43876,Nigeria,/worldcup/archive/brazil2014/teams/team=43876/index.html
2014,43976,Australia,/worldcup/archive/brazil2014/teams/team=43976/index.html
2014,43817,Iran,/worldcup/archive/brazil2014/teams/team=43817/index.html
2014,43819,Japan,/worldcup/archive/brazil2014/teams/team=43819/index.html
2014,43822,Korea Republic,/worldcup/archive/brazil2014/teams/team=43822/index.html
2014,43935,Belgium,/worldcup/archive/brazil2014/teams/team=43935/index.html
2014,44037,Bosnia and Herzegovina,/worldcup/archive/brazil2014/teams/team=44037/index.html
2014,43938,Croatia,/worldcup/archive/brazil2014/teams/team=43938/index.html
2014,43942,England,/worldcup/archive/brazil2014/teams/team=43942/index.html
2014,43946,France,/worldcup/archive/brazil2014/teams/team=43946/index.html
2014,43948,Germany,/worldcup/archive/brazil2014/teams/team=43948/index.html
2014,43949,Greece,/worldcup/archive/brazil2014/teams/team=43949/index.html
2014,43954,Italy,/worldcup/archive/brazil2014/teams/team=43954/index.html
2014,43960,Netherlands,/worldcup/archive/brazil2014/teams/team=43960/index.html
2014,43963,Portugal,/worldcup/archive/brazil2014/teams/team=43963/index.html
2014,43965,Russia,/worldcup/archive/brazil2014/teams/team=43965/index.html
2014,43969,Spain,/worldcup/archive/brazil2014/teams/team=43969/index.html
2014,43971,Switzerland,/worldcup/archive/brazil2014/teams/team=43971/index.html
2014,43901,Costa Rica,/worldcup/archive/brazil2014/teams/team=43901/index.html
2014,43909,Honduras,/worldcup/archive/brazil2014/teams/team=43909/index.html
2014,43911,Mexico,/worldcup/archive/brazil2014/teams/team=43911/index.html
2014,43921,USA,/worldcup/archive/brazil2014/teams/team=43921/index.html
2014,43922,Argentina,/worldcup/archive/brazil2014/teams/team=43922/index.html
2014,43924,Brazil,/worldcup/archive/brazil2014/teams/team=43924/index.html
2014,43925,Chile,/worldcup/archive/brazil2014/teams/team=43925/index.html
2014,43926,Colombia,/worldcup/archive/brazil2014/teams/team=43926/index.html
2014,43927,Ecuador,/worldcup/archive/brazil2014/teams/team=43927/index.html
2014,43930,Uruguay,/worldcup/archive/brazil2014/teams/team=43930/index.html
2010,43843,Algeria,/worldcup/archive/southafrica2010/teams/team=43843/index.html
2010,43849,Cameroon,/worldcup/archive/southafrica2010/teams/team=43849/index.html
2010,43860,Ghana,/worldcup/archive/southafrica2010/teams/team=43860/index.html
2010,43854,Ivory Coast,/worldcup/archive/southafrica2010/teams/team=43854/index.html
2010,43876,Nigeria,/worldcup/archive/southafrica2010/teams/team=43876/index.html
2010,43883,South Africa,/worldcup/archive/southafrica2010/teams/team=43883/index.html
2010,43976,Australia,/worldcup/archive/southafrica2010/teams/team=43976/index.html
2010,43819,Japan,/worldcup/archive/southafrica2010/teams/team=43819/index.html
2010,43821,Korea DPR,/worldcup/archive/southafrica2010/teams/team=43821/index.html
2010,43822,Korea Republic,/worldcup/archive/southafrica2010/teams/team=43822/index.html
2010,43941,Denmark,/worldcup/archive/southafrica2010/teams/team=43941/index.html
2010,43942,England,/worldcup/archive/southafrica2010/teams/team=43942/index.html
2010,43946,France,/worldcup/archive/southafrica2010/teams/team=43946/index.html
2010,43948,Germany,/worldcup/archive/southafrica2010/teams/team=43948/index.html
2010,43949,Greece,/worldcup/archive/southafrica2010/teams/team=43949/index.html
2010,43954,Italy,/worldcup/archive/southafrica2010/teams/team=43954/index.html
2010,43960,Netherlands,/worldcup/archive/southafrica2010/teams/team=43960/index.html
2010,43963,Portugal,/worldcup/archive/southafrica2010/teams/team=43963/index.html
2010,1902465,Serbia,/worldcup/archive/southafrica2010/teams/team=1902465/index.html
2010,44002,Slovakia,/worldcup/archive/southafrica2010/teams/team=44002/index.html
2010,43968,Slovenia,/worldcup/archive/southafrica2010/teams/team=43968/index.html
2010,43969,Spain,/worldcup/archive/southafrica2010/teams/team=43969/index.html
2010,43971,Switzerland,/worldcup/archive/southafrica2010/teams/team=43971/index.html
2010,43909,Honduras,/worldcup/archive/southafrica2010/teams/team=43909/index.html
2010,43911,Mexico,/worldcup/archive/southafrica2010/teams/team=43911/index.html
2010,43921,USA,/worldcup/archive/southafrica2010/teams/team=43921/index.html
2010,43978,New Zealand,/worldcup/archive/southafrica2010/teams/team=43978/index.html
2010,43922,Argentina,/worldcup/archive/southafrica2010/teams/team=43922/index.html
2010,43924,Brazil,/worldcup/archive/southafrica2010/teams/team=43924/index.html
2010,43925,Chile,/worldcup/archive/southafrica2010/teams/team=43925/index.html
2010,43928,Paraguay,/worldcup/archive/southafrica2010/teams/team=43928/index.html
2010,43930,Uruguay,/worldcup/archive/southafrica2010/teams/team=43930/index.html
2006,43844,Angola,/worldcup/archive/germany2006/teams/team=43844/index.html
2006,43860,Ghana,/worldcup/archive/germany2006/teams/team=43860/index.html
2006,43854,Ivory Coast,/worldcup/archive/germany2006/teams/team=43854/index.html
2006,43887,Togo,/worldcup/archive/germany2006/teams/team=43887/index.html
2006,43888,Tunisia,/worldcup/archive/germany2006/teams/team=43888/index.html
2006,43976,Australia,/worldcup/archive/germany2006/teams/team=43976/index.html
2006,43817,Iran,/worldcup/archive/germany2006/teams/team=43817/index.html
2006,43819,Japan,/worldcup/archive/germany2006/teams/team=43819/index.html
2006,43822,Korea Republic,/worldcup/archive/germany2006/teams/team=43822/index.html
2006,43835,Saudi Arabia,/worldcup/archive/germany2006/teams/team=43835/index.html
2006,43938,Croatia,/worldcup/archive/germany2006/teams/team=43938/index.html
2006,43995,Czech Republic,/worldcup/archive/germany2006/teams/team=43995/index.html
2006,43942,England,/worldcup/archive/germany2006/teams/team=43942/index.html
2006,43946,France,/worldcup/archive/germany2006/teams/team=43946/index.html
2006,43948,Germany,/worldcup/archive/germany2006/teams/team=43948/index.html
2006,43954,Italy,/worldcup/archive/germany2006/teams/team=43954/index.html
2006,43960,Netherlands,/worldcup/archive/germany2006/teams/team=43960/index.html
2006,43962,Poland,/worldcup/archive/germany2006/teams/team=43962/index.html
2006,43963,Portugal,/worldcup/archive/germany2006/teams/team=43963/index.html
2006,1890244,Serbia and Montenegro,/worldcup/archive/germany2006/teams/team=1890244/index.html
2006,43969,Spain,/worldcup/archive/germany2006/teams/team=43969/index.html
2006,43970,Sweden,/worldcup/archive/germany2006/teams/team=43970/index.html
2006,43971,Switzerland,/worldcup/archive/germany2006/teams/team=43971/index.html
2006,43973,Ukraine,/worldcup/archive/germany2006/teams/team=43973/index.html
2006,43901,Costa Rica,/worldcup/archive/germany2006/teams/team=43901/index.html
2006,43911,Mexico,/worldcup/archive/germany2006/teams/team=43911/index.html
2006,43920,Trinidad and Tobago,/worldcup/archive/germany2006/teams/team=43920/index.html
2006,43921,USA,/worldcup/archive/germany2006/teams/team=43921/index.html
2006,43922,Argentina,/worldcup/archive/germany2006/teams/team=43922/index.html
2006,43924,Brazil,/worldcup/archive/germany2006/teams/team=43924/index.html
2006,43927,Ecuador,/worldcup/archive/germany2006/teams/team=43927/index.html
2006,43928,Paraguay,/worldcup/archive/germany2006/teams/team=43928/index.html
2002,43849,Cameroon,/worldcup/archive/koreajapan2002/teams/team=43849/index.html
2002,43876,Nigeria,/worldcup/archive/koreajapan2002/teams/team=43876/index.html
2002,43879,Senegal,/worldcup/archive/koreajapan2002/teams/team=43879/index.html
2002,43883,South Africa,/worldcup/archive/koreajapan2002/teams/team=43883/index.html
2002,43888,Tunisia,/worldcup/archive/koreajapan2002/teams/team=43888/index.html
2002,43812,China PR,/worldcup/archive/koreajapan2002/teams/team=43812/index.html
2002,43819,Japan,/worldcup/archive/koreajapan2002/teams/team=43819/index.html
2002,43822,Korea Republic,/worldcup/archive/koreajapan2002/teams/team=43822/index.html
2002,43835,Saudi Arabia,/worldcup/archive/koreajapan2002/teams/team=43835/index.html
2002,43935,Belgium,/worldcup/archive/koreajapan2002/teams/team=43935/index.html
2002,43938,Croatia,/worldcup/archive/koreajapan2002/teams/team=43938/index.html
2002,43941,Denmark,/worldcup/archive/koreajapan2002/teams/team=43941/index.html
2002,43942,England,/worldcup/archive/koreajapan2002/teams/team=43942/index.html
2002,43946,France,/worldcup/archive/koreajapan2002/teams/team=43946/index.html
2002,43948,Germany,/worldcup/archive/koreajapan2002/teams/team=43948/index.html
2002,43954,Italy,/worldcup/archive/koreajapan2002/teams/team=43954/index.html
2002,43962,Poland,/worldcup/archive/koreajapan2002/teams/team=43962/index.html
2002,43963,Portugal,/worldcup/archive/koreajapan2002/teams/team=43963/index.html
2002,43953,Republic of Ireland,/worldcup/archive/koreajapan2002/teams/team=43953/index.html
2002,43965,Russia,/worldcup/archive/koreajapan2002/teams/team=43965/index.html
2002,43968,Slovenia,/worldcup/archive/koreajapan2002/teams/team=43968/index.html
2002,43969,Spain,/worldcup/archive/koreajapan2002/teams/team=43969/index.html
2002,43970,Sweden,/worldcup/archive/koreajapan2002/teams/team=43970/index.html
2002,43972,Turkey,/worldcup/archive/koreajapan2002/teams/team=43972/index.html
2002,43901,Costa Rica,/worldcup/archive/koreajapan2002/teams/team=43901/index.html
2002,43911,Mexico,/worldcup/archive/koreajapan2002/teams/team=43911/index.html
2002,43921,USA,/worldcup/archive/koreajapan2002/teams/team=43921/index.html
2002,43922,Argentina,/worldcup/archive/koreajapan2002/teams/team=43922/index.html
2002,43924,Brazil,/worldcup/archive/koreajapan2002/teams/team=43924/index.html
2002,43927,Ecuador,/worldcup/archive/koreajapan2002/teams/team=43927/index.html
2002,43928,Paraguay,/worldcup/archive/koreajapan2002/teams/team=43928/index.html
2002,43930,Uruguay,/worldcup/archive/koreajapan2002/teams/team=43930/index.html
1998,43849,Cameroon,/worldcup/archive/france1998/teams/team=43849/index.html
1998,43872,Morocco,/worldcup/archive/france1998/teams/team=43872/index.html
1998,43876,Nigeria,/worldcup/archive/france1998/teams/team=43876/index.html
1998,43883,South Africa,/worldcup/archive/france1998/teams/team=43883/index.html
1998,43888,Tunisia,/worldcup/archive/france1998/teams/team=43888/index.html
1998,43817,Iran,/worldcup/archive/france1998/teams/team=43817/index.html
1998,43819,Japan,/worldcup/archive/france1998/teams/team=43819/index.html
1998,43822,Korea Republic,/worldcup/archive/france1998/teams/team=43822/index.html
1998,43835,Saudi Arabia,/worldcup/archive/france1998/teams/team=43835/index.html
1998,43934,Austria,/worldcup/archive/france1998/teams/team=43934/index.html
1998,43935,Belgium,/worldcup/archive/france1998/teams/team=43935/index.html
1998,43936,Bulgaria,/worldcup/archive/france1998/teams/team=43936/index.html
1998,43938,Croatia,/worldcup/archive/france1998/teams/team=43938/index.html
1998,43941,Denmark,/worldcup/archive/france1998/teams/team=43941/index.html
1998,43942,England,/worldcup/archive/france1998/teams/team=43942/index.html
1998,43946,France,/worldcup/archive/france1998/teams/team=43946/index.html
1998,43948,Germany,/worldcup/archive/france1998/teams/team=43948/index.html
1998,43954,Italy,/worldcup/archive/france1998/teams/team=43954/index.html
1998,43960,Netherlands,/worldcup/archive/france1998/teams/team=43960/index.html
1998,43961,Norway,/worldcup/archive/france1998/teams/team=43961/index.html
1998,43964,Romania,/worldcup/archive/france1998/teams/team=43964/index.html
1998,43967,Scotland,/worldcup/archive/france1998/teams/team=43967/index.html
1998,43969,Spain,/worldcup/archive/france1998/teams/team=43969/index.html
1998,43975,Yugoslavia,/worldcup/archive/france1998/teams/team=43975/index.html
1998,43910,Jamaica,/worldcup/archive/france1998/teams/team=43910/index.html
1998,43911,Mexico,/worldcup/archive/france1998/teams/team=43911/index.html
1998,43921,USA,/worldcup/archive/france1998/teams/team=43921/index.html
1998,43922,Argentina,/worldcup/archive/france1998/teams/team=43922/index.html
1998,43924,Brazil,/worldcup/archive/france1998/teams/team=43924/index.html
1998,43925,Chile,/worldcup/archive/france1998/teams/team=43925/index.html
1998,43926,Colombia,/worldcup/archive/france1998/teams/team=43926/index.html
1998,43928,Paraguay,/worldcup/archive/france1998/teams/team=43928/index.html
1994,43849,Cameroon,/worldcup/archive/usa1994/teams/team=43849/index.html
1994,43872,Morocco,/worldcup/archive/usa1994/teams/team=43872/index.html
1994,43876,Nigeria,/worldcup/archive/usa1994/teams/team=43876/index.html
1994,43822,Korea Republic,/worldcup/archive/usa1994/teams/team=43822/index.html
1994,43835,Saudi Arabia,/worldcup/archive/usa1994/teams/team=43835/index.html
1994,43935,Belgium,/worldcup/archive/usa1994/teams/team=43935/index.html
1994,43936,Bulgaria,/worldcup/archive/usa1994/teams/team=43936/index.html
1994,43948,Germany,/worldcup/archive/usa1994/teams/team=43948/index.html
1994,43949,Greece,/worldcup/archive/usa1994/teams/team=43949/index.html
1994,43954,Italy,/worldcup/archive/usa1994/teams/team=43954/index.html
1994,43960,Netherlands,/worldcup/archive/usa1994/teams/team=43960/index.html
1994,43961,Norway,/worldcup/archive/usa1994/teams/team=43961/index.html
1994,43953,Republic of Ireland,/worldcup/archive/usa1994/teams/team=43953/index.html
1994,43964,Romania,/worldcup/archive/usa1994/teams/team=43964/index.html
1994,43965,Russia,/worldcup/archive/usa1994/teams/team=43965/index.html
1994,43969,Spain,/worldcup/archive/usa1994/teams/team=43969/index.html
1994,43970,Sweden,/worldcup/archive/usa1994/teams/team=43970/index.html
1994,43971,Switzerland,/worldcup/archive/usa1994/teams/team=43971/index.html
1994,43911,Mexico,/worldcup/archive/usa1994/teams/team=43911/index.html
1994,43921,USA,/worldcup/archive/usa1994/teams/team=43921/index.html
1994,43922,Argentina,/worldcup/archive/usa1994/teams/team=43922/index.html
1994,43923,Bolivia,/worldcup/archive/usa1994/teams/team=43923/index.html
1994,43924,Brazil,/worldcup/archive/usa1994/teams/team=43924/index.html
1994,43926,Colombia,/worldcup/archive/usa1994/teams/team=43926/index.html
1990,43849,Cameroon,/worldcup/archive/italy1990/teams/team=43849/index.html
1990,43855,Egypt,/worldcup/archive/italy1990/teams/team=43855/index.html
1990,43822,Korea Republic,/worldcup/archive/italy1990/teams/team=43822/index.html
1990,43840,United Arab Emirates,/worldcup/archive/italy1990/teams/team=43840/index.html
1990,43934,Austria,/worldcup/archive/italy1990/teams/team=43934/index.html
1990,43935,Belgium,/worldcup/archive/italy1990/teams/team=43935/index.html
1990,44025,Czechoslovakia,/worldcup/archive/italy1990/teams/team=44025/index.html
1990,43942,England,/worldcup/archive/italy1990/teams/team=43942/index.html
1990,44023,Germany FR,/worldcup/archive/italy1990/teams/team=44023/index.html
1990,43954,Italy,/worldcup/archive/italy1990/teams/team=43954/index.html
1990,43960,Netherlands,/worldcup/archive/italy1990/teams/team=43960/index.html
1990,43953,Republic of Ireland,/worldcup/archive/italy1990/teams/team=43953/index.html
1990,43964,Romania,/worldcup/archive/italy1990/teams/team=43964/index.html
1990,43967,Scotland,/worldcup/archive/italy1990/teams/team=43967/index.html
1990,44026,Soviet Union,/worldcup/archive/italy1990/teams/team=44026/index.html
1990,43969,Spain,/worldcup/archive/italy1990/teams/team=43969/index.html
1990,43970,Sweden,/worldcup/archive/italy1990/teams/team=43970/index.html
1990,43975,Yugoslavia,/worldcup/archive/italy1990/teams/team=43975/index.html
1990,43901,Costa Rica,/worldcup/archive/italy1990/teams/team=43901/index.html
1990,43921,USA,/worldcup/archive/italy1990/teams/team=43921/index.html
1990,43922,Argentina,/worldcup/archive/italy1990/teams/team=43922/index.html
1990,43924,Brazil,/worldcup/archive/italy1990/teams/team=43924/index.html
1990,43926,Colombia,/worldcup/archive/italy1990/teams/team=43926/index.html
1990,43930,Uruguay,/worldcup/archive/italy1990/teams/team=43930/index.html
1986,43843,Algeria,/worldcup/archive/mexico1986/teams/team=43843/index.html
1986,43872,Morocco,/worldcup/archive/mexico1986/teams/team=43872/index.html
1986,43818,Iraq,/worldcup/archive/mexico1986/teams/team=43818/index.html
1986,43822,Korea Republic,/worldcup/archive/mexico1986/teams/team=43822/index.html
1986,43935,Belgium,/worldcup/archive/mexico1986/teams/team=43935/index.html
1986,43936,Bulgaria,/worldcup/archive/mexico1986/teams/team=43936/index.html
1986,43941,Denmark,/worldcup/archive/mexico1986/teams/team=43941/index.html
1986,43942,England,/worldcup/archive/mexico1986/teams/team=43942/index.html
1986,43946,France,/worldcup/archive/mexico1986/teams/team=43946/index.html
1986,44023,Germany FR,/worldcup/archive/mexico1986/teams/team=44023/index.html
1986,43950,Hungary,/worldcup/archive/mexico1986/teams/team=43950/index.html
1986,43954,Italy,/worldcup/archive/mexico1986/teams/team=43954/index.html
1986,43952,Northern Ireland,/worldcup/archive/mexico1986/teams/team=43952/index.html
1986,43962,Poland,/worldcup/archive/mexico1986/teams/team=43962/index.html
1986,43963,Portugal,/worldcup/archive/mexico1986/teams/team=43963/index.html
1986,43967,Scotland,/worldcup/archive/mexico1986/teams/team=43967/index.html
1986,44026,Soviet Union,/worldcup/archive/mexico1986/teams/team=44026/index.html
1986,43969,Spain,/worldcup/archive/mexico1986/teams/team=43969/index.html
1986,43899,Canada,/worldcup/archive/mexico1986/teams/team=43899/index.html
1986,43911,Mexico,/worldcup/archive/mexico1986/teams/team=43911/index.html
1986,43922,Argentina,/worldcup/archive/mexico1986/teams/team=43922/index.html
1986,43924,Brazil,/worldcup/archive/mexico1986/teams/team=43924/index.html
1986,43928,Paraguay,/worldcup/archive/mexico1986/teams/team=43928/index.html
1986,43930,Uruguay,/worldcup/archive/mexico1986/teams/team=43930/index.html
1982,43843,Algeria,/worldcup/archive/spain1982/teams/team=43843/index.html
1982,43849,Cameroon,/worldcup/archive/spain1982/teams/team=43849/index.html
1982,43823,Kuwait,/worldcup/archive/spain1982/teams/team=43823/index.html
1982,43934,Austria,/worldcup/archive/spain1982/teams/team=43934/index.html
1982,43935,Belgium,/worldcup/archive/spain1982/teams/team=43935/index.html
1982,44025,Czechoslovakia,/worldcup/archive/spain1982/teams/team=44025/index.html
1982,43942,England,/worldcup/archive/spain1982/teams/team=43942/index.html
1982,43946,France,/worldcup/archive/spain1982/teams/team=43946/index.html
1982,44023,Germany FR,/worldcup/archive/spain1982/teams/team=44023/index.html
1982,43950,Hungary,/worldcup/archive/spain1982/teams/team=43950/index.html
1982,43954,Italy,/worldcup/archive/spain1982/teams/team=43954/index.html
1982,43952,Northern Ireland,/worldcup/archive/spain1982/teams/team=43952/index.html
1982,43962,Poland,/worldcup/archive/spain1982/teams/team=43962/index.html
1982,43967,Scotland,/worldcup/archive/spain1982/teams/team=43967/index.html
1982,44026,Soviet Union,/worldcup/archive/spain1982/teams/team=44026/index.html
1982,43969,Spain,/worldcup/archive/spain1982/teams/team=43969/index.html
1982,43975,Yugoslavia,/worldcup/archive/spain1982/teams/team=43975/index.html
1982,43904,El Salvador,/worldcup/archive/spain1982/teams/team=43904/index.html
1982,43909,Honduras,/worldcup/archive/spain1982/teams/team=43909/index.html
1982,43978,New Zealand,/worldcup/archive/spain1982/teams/team=43978/index.html
1982,43922,Argentina,/worldcup/archive/spain1982/teams/team=43922/index.html
1982,43924,Brazil,/worldcup/archive/spain1982/teams/team=43924/index.html
1982,43925,Chile,/worldcup/archive/spain1982/teams/team=43925/index.html
1982,43929,Peru,/worldcup/archive/spain1982/teams/team=43929/index.html
1978,43888,Tunisia,/worldcup/archive/argentina1978/teams/team=43888/index.html
1978,43817,Iran,/worldcup/archive/argentina1978/teams/team=43817/index.html
1978,43934,Austria,/worldcup/archive/argentina1978/teams/team=43934/index.html
1978,43946,France,/worldcup/archive/argentina1978/teams/team=43946/index.html
1978,44023,Germany FR,/worldcup/archive/argentina1978/teams/team=44023/index.html
1978,43950,Hungary,/worldcup/archive/argentina1978/teams/team=43950/index.html
1978,43954,Italy,/worldcup/archive/argentina1978/teams/team=43954/index.html
1978,43960,Netherlands,/worldcup/archive/argentina1978/teams/team=43960/index.html
1978,43962,Poland,/worldcup/archive/argentina1978/teams/team=43962/index.html
1978,43967,Scotland,/worldcup/archive/argentina1978/teams/team=43967/index.html
1978,43969,Spain,/worldcup/archive/argentina1978/teams/team=43969/index.html
1978,43970,Sweden,/worldcup/archive/argentina1978/teams/team=43970/index.html
1978,43911,Mexico,/worldcup/archive/argentina1978/teams/team=43911/index.html
1978,43922,Argentina,/worldcup/archive/argentina1978/teams/team=43922/index.html
1978,43924,Brazil,/worldcup/archive/argentina1978/teams/team=43924/index.html
1978,43929,Peru,/worldcup/archive/argentina1978/teams/team=43929/index.html
1974,43890,Zaire,/worldcup/archive/germany1974/teams/team=43890/index.html
1974,43976,Australia,/worldcup/archive/germany1974/teams/team=43976/index.html
1974,43936,Bulgaria,/worldcup/archive/germany1974/teams/team=43936/index.html
1974,44024,German DR,/worldcup/archive/germany1974/teams/team=44024/index.html
1974,44023,Germany FR,/worldcup/archive/germany1974/teams/team=44023/index.html
1974,43954,Italy,/worldcup/archive/germany1974/teams/team=43954/index.html
1974,43960,Netherlands,/worldcup/archive/germany1974/teams/team=43960/index.html
1974,43962,Poland,/worldcup/archive/germany1974/teams/team=43962/index.html
1974,43967,Scotland,/worldcup/archive/germany1974/teams/team=43967/index.html
1974,43970,Sweden,/worldcup/archive/germany1974/teams/team=43970/index.html
1974,43975,Yugoslavia,/worldcup/archive/germany1974/teams/team=43975/index.html
1974,43908,Haiti,/worldcup/archive/germany1974/teams/team=43908/index.html
1974,43922,Argentina,/worldcup/archive/germany1974/teams/team=43922/index.html
1974,43924,Brazil,/worldcup/archive/germany1974/teams/team=43924/index.html
1974,43925,Chile,/worldcup/archive/germany1974/teams/team=43925/index.html
1974,43930,Uruguay,/worldcup/archive/germany1974/teams/team=43930/index.html
1970,43872,Morocco,/worldcup/archive/mexico1970/teams/team=43872/index.html
1970,43935,Belgium,/worldcup/archive/mexico1970/teams/team=43935/index.html
1970,43936,Bulgaria,/worldcup/archive/mexico1970/teams/team=43936/index.html
1970,44025,Czechoslovakia,/worldcup/archive/mexico1970/teams/team=44025/index.html
1970,43942,England,/worldcup/archive/mexico1970/teams/team=43942/index.html
1970,44023,Germany FR,/worldcup/archive/mexico1970/teams/team=44023/index.html
1970,43984,Israel,/worldcup/archive/mexico1970/teams/team=43984/index.html
1970,43954,Italy,/worldcup/archive/mexico1970/teams/team=43954/index.html
1970,43964,Romania,/worldcup/archive/mexico1970/teams/team=43964/index.html
1970,44026,Soviet Union,/worldcup/archive/mexico1970/teams/team=44026/index.html
1970,43970,Sweden,/worldcup/archive/mexico1970/teams/team=43970/index.html
1970,43904,El Salvador,/worldcup/archive/mexico1970/teams/team=43904/index.html
1970,43911,Mexico,/worldcup/archive/mexico1970/teams/team=43911/index.html
1970,43924,Brazil,/worldcup/archive/mexico1970/teams/team=43924/index.html
1970,43929,Peru,/worldcup/archive/mexico1970/teams/team=43929/index.html
1970,43930,Uruguay,/worldcup/archive/mexico1970/teams/team=43930/index.html
1966,43821,Korea DPR,/worldcup/archive/england1966/teams/team=43821/index.html
1966,43936,Bulgaria,/worldcup/archive/england1966/teams/team=43936/index.html
1966,43942,England,/worldcup/archive/england1966/teams/team=43942/index.html
1966,43946,France,/worldcup/archive/england1966/teams/team=43946/index.html
1966,44023,Germany FR,/worldcup/archive/england1966/teams/team=44023/index.html
1966,43950,Hungary,/worldcup/archive/england1966/teams/team=43950/index.html
1966,43954,Italy,/worldcup/archive/england1966/teams/team=43954/index.html
1966,43963,Portugal,/worldcup/archive/england1966/teams/team=43963/index.html
1966,44026,Soviet Union,/worldcup/archive/england1966/teams/team=44026/index.html
1966,43969,Spain,/worldcup/archive/england1966/teams/team=43969/index.html
1966,43971,Switzerland,/worldcup/archive/england1966/teams/team=43971/index.html
1966,43911,Mexico,/worldcup/archive/england1966/teams/team=43911/index.html
1966,43922,Argentina,/worldcup/archive/england1966/teams/team=43922/index.html
1966,43924,Brazil,/worldcup/archive/england1966/teams/team=43924/index.html
1966,43925,Chile,/worldcup/archive/england1966/teams/team=43925/index.html
1966,43930,Uruguay,/worldcup/archive/england1966/teams/team=43930/index.html
1962,43936,Bulgaria,/worldcup/archive/chile1962/teams/team=43936/index.html
1962,44025,Czechoslovakia,/worldcup/archive/chile1962/teams/team=44025/index.html
1962,43942,England,/worldcup/archive/chile1962/teams/team=43942/index.html
1962,44023,Germany FR,/worldcup/archive/chile1962/teams/team=44023/index.html
1962,43950,Hungary,/worldcup/archive/chile1962/teams/team=43950/index.html
1962,43954,Italy,/worldcup/archive/chile1962/teams/team=43954/index.html
1962,44026,Soviet Union,/worldcup/archive/chile1962/teams/team=44026/index.html
1962,43969,Spain,/worldcup/archive/chile1962/teams/team=43969/index.html
1962,43971,Switzerland,/worldcup/archive/chile1962/teams/team=43971/index.html
1962,43975,Yugoslavia,/worldcup/archive/chile1962/teams/team=43975/index.html
1962,43911,Mexico,/worldcup/archive/chile1962/teams/team=43911/index.html
1962,43922,Argentina,/worldcup/archive/chile1962/teams/team=43922/index.html
1962,43924,Brazil,/worldcup/archive/chile1962/teams/team=43924/index.html
1962,43925,Chile,/worldcup/archive/chile1962/teams/team=43925/index.html
1962,43926,Colombia,/worldcup/archive/chile1962/teams/team=43926/index.html
1962,43930,Uruguay,/worldcup/archive/chile1962/teams/team=43930/index.html
1958,43934,Austria,/worldcup/archive/sweden1958/teams/team=43934/index.html
1958,44025,Czechoslovakia,/worldcup/archive/sweden1958/teams/team=44025/index.html
1958,43942,England,/worldcup/archive/sweden1958/teams/team=43942/index.html
1958,43946,France,/worldcup/archive/sweden1958/teams/team=43946/index.html
1958,44023,Germany FR,/worldcup/archive/sweden1958/teams/team=44023/index.html
1958,43950,Hungary,/worldcup/archive/sweden1958/teams/team=43950/index.html
1958,43952,Northern Ireland,/worldcup/archive/sweden1958/teams/team=43952/index.html
1958,43967,Scotland,/worldcup/archive/sweden1958/teams/team=43967/index.html
1958,44026,Soviet Union,/worldcup/archive/sweden1958/teams/team=44026/index.html
1958,43970,Sweden,/worldcup/archive/sweden1958/teams/team=43970/index.html
1958,43974,Wales,/worldcup/archive/sweden1958/teams/team=43974/index.html
1958,43975,Yugoslavia,/worldcup/archive/sweden1958/teams/team=43975/index.html
1958,43911,Mexico,/worldcup/archive/sweden1958/teams/team=43911/index.html
1958,43922,Argentina,/worldcup/archive/sweden1958/teams/team=43922/index.html
1958,43924,Brazil,/worldcup/archive/sweden1958/teams/team=43924/index.html
1958,43928,Paraguay,/worldcup/archive/sweden1958/teams/team=43928/index.html
1954,43822,Korea Republic,/worldcup/archive/switzerland1954/teams/team=43822/index.html
1954,43934,Austria,/worldcup/archive/switzerland1954/teams/team=43934/index.html
1954,43935,Belgium,/worldcup/archive/switzerland1954/teams/team=43935/index.html
1954,44025,Czechoslovakia,/worldcup/archive/switzerland1954/teams/team=44025/index.html
1954,43942,England,/worldcup/archive/switzerland1954/teams/team=43942/index.html
1954,43946,France,/worldcup/archive/switzerland1954/teams/team=43946/index.html
1954,44023,Germany FR,/worldcup/archive/switzerland1954/teams/team=44023/index.html
1954,43950,Hungary,/worldcup/archive/switzerland1954/teams/team=43950/index.html
1954,43954,Italy,/worldcup/archive/switzerland1954/teams/team=43954/index.html
1954,43967,Scotland,/worldcup/archive/switzerland1954/teams/team=43967/index.html
1954,43971,Switzerland,/worldcup/archive/switzerland1954/teams/team=43971/index.html
1954,43972,Turkey,/worldcup/archive/switzerland1954/teams/team=43972/index.html
1954,43975,Yugoslavia,/worldcup/archive/switzerland1954/teams/team=43975/index.html
1954,43911,Mexico,/worldcup/archive/switzerland1954/teams/team=43911/index.html
1954,43924,Brazil,/worldcup/archive/switzerland1954/teams/team=43924/index.html
1954,43930,Uruguay,/worldcup/archive/switzerland1954/teams/team=43930/index.html
1950,43942,England,/worldcup/archive/brazil1950/teams/team=43942/index.html
1950,43954,Italy,/worldcup/archive/brazil1950/teams/team=43954/index.html
1950,43969,Spain,/worldcup/archive/brazil1950/teams/team=43969/index.html
1950,43970,Sweden,/worldcup/archive/brazil1950/teams/team=43970/index.html
1950,43971,Switzerland,/worldcup/archive/brazil1950/teams/team=43971/index.html
1950,43975,Yugoslavia,/worldcup/archive/brazil1950/teams/team=43975/index.html
1950,43911,Mexico,/worldcup/archive/brazil1950/teams/team=43911/index.html
1950,43921,USA,/worldcup/archive/brazil1950/teams/team=43921/index.html
1950,43923,Bolivia,/worldcup/archive/brazil1950/teams/team=43923/index.html
1950,43924,Brazil,/worldcup/archive/brazil1950/teams/team=43924/index.html
1950,43925,Chile,/worldcup/archive/brazil1950/teams/team=43925/index.html
1950,43928,Paraguay,/worldcup/archive/brazil1950/teams/team=43928/index.html
1950,43930,Uruguay,/worldcup/archive/brazil1950/teams/team=43930/index.html
1938,44031,Dutch East Indies,/worldcup/archive/france1938/teams/team=44031/index.html
1938,43935,Belgium,/worldcup/archive/france1938/teams/team=43935/index.html
1938,44025,Czechoslovakia,/worldcup/archive/france1938/teams/team=44025/index.html
1938,43946,France,/worldcup/archive/france1938/teams/team=43946/index.html
1938,43948,Germany,/worldcup/archive/france1938/teams/team=43948/index.html
1938,43950,Hungary,/worldcup/archive/france1938/teams/team=43950/index.html
1938,43954,Italy,/worldcup/archive/france1938/teams/team=43954/index.html
1938,43960,Netherlands,/worldcup/archive/france1938/teams/team=43960/index.html
1938,43961,Norway,/worldcup/archive/france1938/teams/team=43961/index.html
1938,43962,Poland,/worldcup/archive/france1938/teams/team=43962/index.html
1938,43964,Romania,/worldcup/archive/france1938/teams/team=43964/index.html
1938,43970,Sweden,/worldcup/archive/france1938/teams/team=43970/index.html
1938,43971,Switzerland,/worldcup/archive/france1938/teams/team=43971/index.html
1938,43902,Cuba,/worldcup/archive/france1938/teams/team=43902/index.html
1938,43924,Brazil,/worldcup/archive/france1938/teams/team=43924/index.html
1934,43855,Egypt,/worldcup/archive/italy1934/teams/team=43855/index.html
1934,43934,Austria,/worldcup/archive/italy1934/teams/team=43934/index.html
1934,43935,Belgium,/worldcup/archive/italy1934/teams/team=43935/index.html
1934,44025,Czechoslovakia,/worldcup/archive/italy1934/teams/team=44025/index.html
1934,43946,France,/worldcup/archive/italy1934/teams/team=43946/index.html
1934,43948,Germany,/worldcup/archive/italy1934/teams/team=43948/index.html
1934,43950,Hungary,/worldcup/archive/italy1934/teams/team=43950/index.html
1934,43954,Italy,/worldcup/archive/italy1934/teams/team=43954/index.html
1934,43960,Netherlands,/worldcup/archive/italy1934/teams/team=43960/index.html
1934,43964,Romania,/worldcup/archive/italy1934/teams/team=43964/index.html
1934,43969,Spain,/worldcup/archive/italy1934/teams/team=43969/index.html
1934,43970,Sweden,/worldcup/archive/italy1934/teams/team=43970/index.html
1934,43971,Switzerland,/worldcup/archive/italy1934/teams/team=43971/index.html
1934,43921,USA,/worldcup/archive/italy1934/teams/team=43921/index.html
1934,43922,Argentina,/worldcup/archive/italy1934/teams/team=43922/index.html
1934,43924,Brazil,/worldcup/archive/italy1934/teams/team=43924/index.html
1930,43935,Belgium,/worldcup/archive/uruguay1930/teams/team=43935/index.html
1930,43946,France,/worldcup/archive/uruguay1930/teams/team=43946/index.html
1930,43964,Romania,/worldcup/archive/uruguay1930/teams/team=43964/index.html
1930,43975,Yugoslavia,/worldcup/archive/uruguay1930/teams/team=43975/index.html
1930,43911,Mexico,/worldcup/archive/uruguay1930/teams/team=43911/index.html
1930,43921,USA,/worldcup/archive/uruguay1930/teams/team=43921/index.html
1930,43922,Argentina,/worldcup/archive/uruguay1930/teams/team=43922/index.html
1930,43923,Bolivia,/worldcup/archive/uruguay1930/teams/team=43923/index.html
1930,43924,Brazil,/worldcup/archive/uruguay1930/teams/team=43924/index.html
1930,43925,Chile,/worldcup/archive/uruguay1930/teams/team=43925/index.html
1930,43928,Paraguay,/worldcup/archive/uruguay1930/teams/team=43928/index.html
1930,43929,Peru,/worldcup/archive/uruguay1930/teams/team=43929/index.html
1930,43930,Uruguay,/worldcup/archive/uruguay1930/teams/team=43930/index.html
